index,code,firstname,lastname,date_added
1,00cdc8b0d1,Rob,Lee,2021_03_12___10_06_07
2,00cdc8b0d12,bill,sanchez,2021_03_12___10_40_21
3,00cdc8b0d13,cookie,monster,2021_03_12___10_41_24
4,1853,Rob,TheBlob,2021_03_12___13_15_53
5,4582,Rob,Blob,2021_03_12___13_18_57
6,1535,Rob,Slob,2021_03_12___13_22_15
7,12354,rob,slob,2021_03_12___13_24_43
8,8156,Rob,Commander,2021_03_12___13_53_57
9,46538,Rob,Cob,2021_03_12___14_30_35
10,8795,Bill,Cosby,2021_03_12___14_34_01
11,Scan badge,Beep,McGee,2021_03_12___15_05_40
12,123nfikdl,Freddy,Fish,2021_03_12___15_14_28
13,Rob Lee,Rob,Lee,2021_03_25___08_41_50
